{
    "response_times": [
        5.15486216545105,
        4.883548259735107,
        4.884674310684204,
        4.90971827507019,
        4.944854497909546,
        4.935947895050049,
        4.935773849487305,
        4.920164585113525,
        4.9409873485565186,
        4.94869065284729
    ],
    "average_response_time": 4.945922183990478
}