{
    "response_times": [
        2.0962538719177246,
        2.07318377494812,
        2.077145576477051,
        2.074357032775879,
        2.070700168609619,
        2.0691967010498047,
        2.072643518447876,
        2.068427801132202,
        2.0707504749298096,
        2.0818324089050293
    ],
    "average_response_time": 2.0754491329193114
}