{
    "response_times": [
        3.7981019020080566,
        3.801011085510254,
        3.7986786365509033,
        3.8082077503204346,
        3.8181047439575195,
        3.8123862743377686,
        3.8120932579040527,
        3.814157247543335,
        3.8170440196990967,
        3.8199269771575928
    ],
    "average_response_time": 3.8099711894989015
}