{
    "response_times": [
        3.5455527305603027,
        3.5257809162139893,
        3.528728723526001,
        3.5479319095611572,
        3.532048463821411,
        3.5334572792053223,
        3.529600143432617,
        3.529628276824951,
        3.5289766788482666,
        3.5362133979797363
    ],
    "average_response_time": 3.5337918519973757
}