{
    "response_times": [
        4.185255527496338,
        3.8727192878723145,
        3.859494924545288,
        3.8678290843963623,
        3.8881702423095703,
        3.9104256629943848,
        3.8734335899353027,
        3.8801259994506836,
        3.8836278915405273,
        3.9317431449890137
    ],
    "average_response_time": 3.9152825355529783
}