{
    "response_times": [
        9.03214144706726,
        8.676549434661865,
        8.902987241744995,
        8.527256488800049,
        8.929043292999268,
        8.458025217056274,
        8.798679113388062,
        8.485458374023438,
        8.963744640350342,
        8.571961164474487
    ],
    "average_response_time": 8.734584641456603
}