{
    "response_times": [
        1.871164083480835,
        1.7895846366882324,
        1.8805584907531738,
        1.818493127822876,
        1.882810354232788,
        1.7730321884155273,
        1.8794567584991455,
        1.775524377822876,
        1.8778629302978516,
        1.7758970260620117
    ],
    "average_response_time": 1.8324383974075318
}