{
    "response_times": [
        2.5854642391204834,
        2.7844398021698,
        2.571484088897705,
        2.553713798522949,
        2.5738890171051025,
        2.5686378479003906,
        2.558178663253784,
        2.5593807697296143,
        2.5634312629699707,
        2.6121997833251953
    ],
    "average_response_time": 2.5930819272994996
}