{
    "response_times": [
        2.467010974884033,
        2.4682693481445312,
        2.472667694091797,
        2.47841477394104,
        2.463871479034424,
        2.4773149490356445,
        2.4811391830444336,
        2.475324869155884,
        2.4956400394439697,
        2.469086170196533
    ],
    "average_response_time": 2.474873948097229
}