{
    "response_times": [
        6.142474412918091,
        4.856271028518677,
        4.875548839569092,
        4.8672144412994385,
        4.875372409820557,
        4.889439105987549,
        4.905310153961182,
        4.9007251262664795,
        4.905725717544556,
        5.092130184173584
    ],
    "average_response_time": 5.031021142005921
}