{
    "response_times": [
        1.9532959461212158,
        1.9042332172393799,
        1.9087839126586914,
        1.9128191471099854,
        1.9478411674499512,
        1.9104645252227783,
        1.9245460033416748,
        1.937500238418579,
        1.961970329284668,
        1.9375464916229248
    ],
    "average_response_time": 1.929900097846985
}