{
    "response_times": [
        2.086881637573242,
        2.070406913757324,
        2.0573487281799316,
        2.053914785385132,
        2.050894021987915,
        2.0499210357666016,
        2.0523672103881836,
        2.0525012016296387,
        2.0549893379211426,
        2.054764747619629
    ],
    "average_response_time": 2.058398962020874
}