{
    "response_times": [
        23.976528882980347,
        23.883661031723022,
        23.45294499397278,
        23.29779076576233,
        23.182897806167603,
        23.289262056350708,
        23.893665075302124,
        23.180620193481445,
        23.44880723953247,
        23.537334442138672
    ],
    "average_response_time": 23.51435124874115
}